"cry";"volume";"gelo";"percgel";"percin";"percat";"difpercatin";"preop";"prein";"preat";"presup";"difsupperc";"preres";"difresperc";"qualymes";"rmaxtu";"acumperc";"maxperc";"minperc";"aumeperc";"final"
"1INCH";8.874;1.691;-3.19;-4.106;-3.99;-2.83;1.705;1.635;1.637;1.624;0.79;1.634;0.18;633;0.4;0.122;0.122;-0.245;0;-0.673
"AAVE";14.769;161.1;-5.34;-5.941;-5.63;-5.23;161.6;152;152.5;25.939;82.99;152.6;-0.07;633;0.47;0.329;0.329;-0.132;0;-0.921
"ACA";4.25;1.45;-9.79;-11.361;-11.02;-3;1.47;1.303;1.308;1.295;0.99;2.8;-114.07;3;0.5;0.384;0.384;-0.153;0.153;-1.842
"ACH";2.107;0.03902;-5.89;-4.674;-4.65;-0.51;0.03851;0.03671;0.03672;0.0358;2.51;0.0398;-8.39;3;0.5;0.027;0.327;0;-0.027;-0.763
"ACM";0.249;4.184;-5.09;-5.362;-5.36;-0.04;4.196;3.971;3.971;3.962;0.23;10.3;-159.38;3333;0.08;0;0;0;0;-0.705
"ADA";129.971;1.077;-4.18;-5.418;-5.23;-3.47;1.089;1.03;1.032;1.023;0.87;1.04;-0.78;63;0.89;0.194;0.194;0;0.097;-0.291
"ADX";5.905;0.4291;2.68;2.348;2.42;3.07;0.4302;0.4403;0.4406;0.4415;-0.2;0.4448;-0.95;33;0.2;0.068;0.409;0;0;-2.203
"AGLD";108.315;1.322;8.17;15.541;16.35;5.21;1.229;1.42;1.43;1.338;6.43;1.439;-0.63;33;0.2;0.704;1.408;0;0.492;-3.099
"AION";2.323;0.0914;-0.77;1.001;0.89;-11.09;0.0899;0.0908;0.0907;0.0899;0.88;0.0922;-1.65;63;0.64;-0.11;0;-0.11;0;-0.881
"AKRO";1.703;0.01318;-3.57;-4.148;-4.15;0.05;0.01326;0.01271;0.01271;0.01243;2.2;0.0131;-3.07;63;0.38;0;0;-0.315;0;-2.282
"ALCX";1.056;180.1;-11.44;-10.706;-10.59;-1.08;178.4;159.3;159.5;135.2;15.24;458;-187.15;3;0.25;0.126;0.126;0;0.063;-0.879
"ALGO";47.767;0.9842;-5.78;-5.754;-5.56;-3.37;0.9819;0.9254;0.9273;0.9213;0.65;0.9697;-4.57;36;0.03;0.205;0.216;-0.205;-0.011;-0.551
"ALICE";23.842;7.4;-7.43;-7.094;-6.55;-7.67;7.33;6.81;6.85;6.77;1.17;11;-60.58;36;0.08;0.587;0.587;0;0;-1.028
"ALPACA";1.367;0.3676;-3.86;-3.871;-3.65;-5.71;0.3668;0.3526;0.3534;0.3529;0.14;0.3541;-0.2;33;0.14;0.227;0.284;0;-0.057;0.227
"ALPHA";1.735;0.3834;-2.97;-2.285;-2.29;0.22;0.3807;0.372;0.372;0.369;0.81;0.3709;0.3;6333;0.29;0;0;-0.188;0;-1.694
"AMP";1.126;0.03003;-2.66;-2.068;-2.5;20.89;0.02998;0.02936;0.02923;0.024;17.89;0.08;-173.69;3;0.25;-0.443;0;-0.511;-0.137;-2.248
"ANC";5.754;1.537;-13.27;-13.528;-13.72;1.42;1.545;1.336;1.333;1.253;6;1.98;-48.54;3;0.5;-0.225;0;-0.374;0;-0.075
"ANKR";9.463;0.07859;-4.39;-4.707;-4.15;-11.83;0.07839;0.0747;0.07514;0.07356;2.1;0.07597;-1.1;66;0.66;0.589;0.683;-0.08;0.04;-2.142
"ANT";45.182;8.429;-7.5;6.063;6.23;2.75;7.34;7.785;7.797;7.746;0.65;12.428;-59.39;366;0.05;0.154;0.154;-0.283;0.103;-2.543
"ANY";3.696;19.48;3.29;3.523;4.25;20.64;19.3;19.98;20.12;12;40.36;34.61;-72.02;6;0.67;0.701;0.801;-0.25;0.05;1.351
"API3";3.72;3.568;-4.62;-3.918;-4.09;4.39;3.548;3.409;3.403;3.331;2.12;7.22;-112.17;3;0.5;-0.176;0;-0.381;0;-1.056
"AR";20.991;39.84;-11.62;-14.258;-14.04;-1.53;40.96;35.12;35.21;7.101;79.83;91.08;-158.68;6;0.7;0.256;0.313;0;-0.057;-1.822
"ARDR";0.88;0.1808;5.31;3.936;5.54;40.75;0.1804;0.1875;0.1904;0.1832;3.78;0.1936;-1.68;663;0.55;1.547;1.547;0;0.263;0.373
"ARPA";1.63;0.0631;-4.77;-4.375;-4.39;0.34;0.06285;0.0601;0.06009;0.05896;1.88;0.06474;-7.74;6;0.89;-0.017;0;-0.183;0;-2.612
"ASR";0.118;3.132;-3.35;-2.669;-2.67;0.04;3.11;3.027;3.027;3.027;0;11.653;-284.97;3333;0.07;0;0;0;0;-0.297
"ATA";2.09;0.4095;-5.91;-7.034;-6.86;-2.47;0.4137;0.3846;0.3853;0.3819;0.88;0.3892;-1.01;33;0.11;0.182;0.182;-0.182;0;-1.664
"ATM";0.375;5.33;-5.44;-6.145;-6.15;0.08;5.37;5.04;5.04;5.03;0.2;12.46;-147.22;633;0.4;0;0;0;0;-0.794
"ATOM";88.706;28.31;-7.52;-9.278;-8.69;-6.34;28.67;26.01;26.18;25.98;0.76;27.78;-6.11;66;0.86;0.654;0.654;0;0.076;-0.654
"AUCTION";0.542;14.33;-4.75;-5.732;-5.73;-0.03;14.48;13.65;13.65;13.72;-0.51;14.09;-3.22;3;0.4;0;0;0;0;-1.099
"AUD";17.33;0.7133;-0.41;-0.351;-0.34;-3.13;0.7128;0.7103;0.7104;0.71;0.06;0.7102;0.03;3333;0.21;0.014;0.014;-0.014;0;0.056
"AUDIO";5.601;0.968;-5.58;-8.342;-8.14;-2.42;0.995;0.912;0.914;0.916;-0.22;0.916;-0.22;66;0.35;0.219;0.219;-0.219;0.11;-0.768
"AUTO";0.753;413.2;-3.41;-4.178;-4.18;0.05;416.5;399.1;399.1;399.1;0;1072;-168.6;333;0.09;0;0;0;0;-0.952
"AVA";0.637;1.165;-3.86;-4.034;-3.86;-4.31;1.165;1.118;1.12;1.117;0.27;1.127;-0.62;633;0.38;0.179;0.179;0;0;2.326
"AVAX";154.929;73.06;-6.52;-7.539;-7.39;-1.98;73.75;68.19;68.3;0.85;98.76;147;-115.23;6;0.83;0.161;0.161;-0.147;0;-0.205
"AXS";53.929;52.88;-7.73;-7.367;-7.37;0.04;52.67;48.79;48.79;48.32;0.96;154.6;-216.87;6;0.81;0;0;-0.123;0;-0.738
"BADGER";1.917;11.21;-9.19;-9.609;-9.43;-1.86;11.24;10.16;10.18;8.28;18.66;10.21;-0.29;36;0.08;0.197;0.197;0;0;-0.295
"BAKE";5.335;0.641;-1.09;0.795;0.79;-0.63;0.629;0.634;0.634;0.63;0.63;0.634;0;333;0.18;0;0.158;-0.158;-0.157;-1.577
"BAL";1.441;12.42;-5.23;-5.925;-5.76;-2.78;12.49;11.75;11.77;8.375;28.84;11.82;-0.42;633;0.53;0.17;0.17;-0.085;0;-0.851
"BAND";2.97;3.444;-2.12;-2.207;-2.09;-5.3;3.443;3.367;3.371;3.334;1.1;10.087;-199.23;633;0.67;0.119;0.119;-0.238;0.089;-0.921
"BAR";0.7;6.29;-5.09;-3.704;-3.86;4.21;6.21;5.98;5.97;5.91;1.01;15.4;-157.96;333;0.09;-0.167;0;-0.167;0;-0.502
"BAT";11.787;0.8386;-1.94;-2.151;-1.76;-18.18;0.837;0.819;0.8223;0.08;90.27;1.929;-134.59;6;0.92;0.403;0.403;-0.244;0.073;-0.842
"BCH";18.558;289.1;-3.94;-3.549;-3.38;-4.76;287.4;277.2;277.7;277.3;0.14;1650;-494.17;633;0.68;0.18;0.18;-0.036;0.072;-0.469
"BEAM";1.596;0.3478;-1.29;-2.666;-2.64;-0.98;0.3526;0.3432;0.3433;0.2689;21.67;1.32;-284.5;63;0.67;0.029;0.175;-0.029;0;-0.728
"BEL";1.267;0.939;-5.75;-5.668;-5.35;-5.61;0.935;0.882;0.885;0.882;0.34;0.888;-0.34;3333;0.06;0.34;0.34;-0.227;0;-2.154
"BETA";20.239;0.39363;10.51;9.915;9.25;-6.71;0.39819;0.43767;0.43501;0.39041;10.25;0.48855;-12.31;33;0.2;-0.608;0;-1.295;-0.209;-2.008
"BICO";7.792;1.991;-3.47;-4.677;-4.38;-6.35;2.01;1.916;1.922;1.872;2.6;1.924;-0.1;3;0.33;0.313;0.313;-0.157;0.104;-1.931
"BLZ";2.424;0.133;-2.78;-3.221;-3.15;-2.2;0.1335;0.1292;0.1293;0.1287;0.46;0.1297;-0.31;63;0.42;0.077;0.077;-0.077;0;-1.316
"BNB";212.081;382.8;-3.89;-4.001;-3.79;-5.27;382.4;367.1;367.9;6.38;98.27;369.8;-0.52;66;0.83;0.218;0.218;-0.054;0.027;-0.572
"BNT";0.854;2.509;-3.79;-3.912;-3.63;-7.21;2.505;2.407;2.414;2.393;0.87;2.418;-0.17;63;0.56;0.291;0.291;0;0.291;-0.914
"BNX";2.782;19.9;1.01;0.995;0;-100;20.1;20.3;20.1;20;0.5;20.9;-3.98;3;0.25;-0.985;0;-0.985;0;-1.97
"BOND";1.474;9.83;-2.03;-1.728;-2.13;23.26;9.84;9.67;9.63;9.52;1.14;10.26;-6.54;33;0.5;-0.414;0;-0.517;0;0.724
"BTC";1376.555;38416.38;-3.74;-4.096;-3.94;-3.81;38496.26;36919.62;36980.08;36839.07;0.38;36968.53;0.03;6;0.95;0.164;0.164;-0.036;0.016;-0.102
"BTCST";2.195;15.12;-0.26;-0.265;0.07;-126.42;15.07;15.03;15.08;8;46.95;1000;-6531.3;3363;0.07;0.333;0.333;0;0;-0.133
"BTG";0.463;30.44;-3.48;-4.74;-3.96;-16.46;30.59;29.14;29.38;29.26;0.41;169;-475.22;333;0.18;0.824;0.824;0;0.17;0.103
"BTS";1.253;0.0246;-7.24;-7.947;-7.95;0.04;0.02479;0.02282;0.02282;0.0228;0.09;0.02307;-1.1;633;0.6;0;0.088;-0.175;0;-2.016
"BTT";32.648;0.002601;6.77;8.139;8.14;0.01;0.002568;0.002777;0.002777;0.00271;2.41;0.00278;-0.11;663;0.76;0;0;0;0;0
"BTTC";12.496;0.00000213;-1.88;-1.869;-2.34;25.2;0.00000214;0.0000021;0.00000209;0.0000015;28.23;0.00000255;-22.01;3;0.5;-0.476;0;-0.476;-0.476;-0.952
"BURGER";1.186;1.769;-3.39;-4.578;-4.58;0.04;1.791;1.709;1.709;1.722;-0.76;1.735;-1.52;333;0.18;0;0;-0.351;0;-0.819
"BUSD";666.14;0.9995;0.01;0.01;0.01;0;0.9995;0.9996;0.9996;0.9995;0.01;0.9996;0;3333;0.03;0;0;-0.01;0;0
"C98";5.512;1.702;-6.52;-6.537;-6.3;-3.63;1.698;1.587;1.591;1.58;0.69;1.592;-0.06;63;0.25;0.252;0.252;-0.063;0;-1.008
"CAKE";15.512;7.67;-5.22;-4.974;-4.84;-2.69;7.64;7.26;7.27;7.19;1.1;11.42;-57.08;333;0.23;0.138;0.138;-0.138;0;-1.102
"CELO";10.104;3.174;-4.91;-5.778;-5.75;-0.48;3.202;3.017;3.018;2.907;3.68;10.957;-263.06;63;0.57;0.033;0.033;-0.133;0;-0.961
"CELR";12.064;0.05281;-5.91;-5.406;-5.41;0.07;0.05253;0.04969;0.04969;0.04911;1.17;0.05023;-1.09;63;0.86;0;0.181;-0.181;0.02;-1.167
"CFX";2.093;0.1128;-4.88;-4.452;-4.45;-0.04;0.1123;0.1073;0.1073;0.1055;1.68;0.1085;-1.12;333;0.08;0;0;-0.28;0;-0.093
"CHESS";10.014;0.94;5.32;4;4.21;5.25;0.95;0.988;0.99;0.978;1.21;1.007;-1.72;33;0.2;0.202;0.202;-0.202;0.202;-3.239
"CHR";35.123;0.5379;-3.01;-3.314;-2.87;-13.4;0.5371;0.5193;0.5217;0.0159;96.95;1.5;-187.52;6;0.86;0.462;0.462;-0.077;0.077;-0.597
"CHZ";18.54;0.1863;-1.93;-2.83;-2.46;-13.07;0.1873;0.182;0.1827;0.1806;1.15;0.1811;0.88;633;0.63;0.385;0.385;-0.055;0.055;-0.604
"CITY";0.484;9.67;-3.52;-3.612;-3.72;2.99;9.69;9.34;9.33;9.21;1.29;10.23;-9.65;3;0.25;-0.107;0;-0.107;0;-0.214
"CKB";4.164;0.01562;-4.74;-3.636;-3.38;-7.04;0.0154;0.01484;0.01488;0.01466;1.48;0.01498;-0.67;66;0.21;0.27;0.27;-0.067;0.067;0.404
"CLV";1.937;0.345;-5.51;-4.373;-4.96;13.42;0.343;0.328;0.326;0.322;1.23;0.336;-3.07;33;0.13;-0.61;0;-0.61;0;-1.524
"COCOS";8.377;1.3505;-8.69;-7.38;-7.8;5.69;1.3374;1.2387;1.2331;1.2321;0.08;1.3899;-12.72;6;0.9;-0.452;0;-0.654;0.097;-0.226
"COMP";6.159;125.8;-4.53;-5.901;-5.51;-6.63;127.1;119.6;120.1;80.62;32.87;121.8;-1.42;633;0.57;0.418;0.418;-0.084;0;-0.836
"COS";2.66;0.01742;-6.95;-5.701;-5.7;-0.02;0.01719;0.01621;0.01621;0.01598;1.42;0.01618;0.19;6;0.94;0;0.062;-0.123;-0.062;-1.542
"COTI";16.12;0.3112;-9.09;-7.692;-7.4;-3.8;0.3055;0.282;0.2829;0.2768;2.16;0.2893;-2.26;63;0.84;0.319;0.319;-0.213;0;-1.667
"CRV";57.295;3.382;-7.19;-7.882;-7.68;-2.56;3.4;3.132;3.139;3.109;0.96;23.255;-640.84;36;0.05;0.223;0.255;-0.223;-0.032;-1.022
"CTK";1.695;1.314;-2.59;-2.061;-2.29;11.11;1.31;1.283;1.28;1.281;-0.08;1.288;-0.63;336;0.06;-0.234;0;-0.234;0;-1.091
"CTSI";4.802;0.4708;-9.92;-10.62;-10.28;-3.2;0.4727;0.4225;0.4241;0.4228;0.31;0.429;-1.16;63;0.61;0.379;0.426;-0.024;0.094;-1.136
"CTXC";3.5;0.3062;-3.95;-4.414;-4.54;2.85;0.3081;0.2945;0.2941;0.2916;0.85;0.2975;-1.16;6;0.93;-0.136;0;-0.17;0.034;-1.392
"CVC";4.709;0.2785;3.95;2.366;3.8;60.61;0.2789;0.2855;0.2895;0.2833;2.14;0.2846;1.69;63;0.84;1.401;1.401;-0.245;0.277;-1.786
"CVP";0.679;1.089;-3.31;-2.405;-2.59;7.69;1.081;1.055;1.053;1.05;0.28;1.057;-0.38;33;0.2;-0.19;0.095;-0.284;0;-0.664
"CVX";3.288;27.89;-5.06;-4.705;-4.89;3.93;27.84;26.53;26.48;21.7;18.05;63;-137.92;3;0.67;-0.188;0.038;-0.226;-0.226;-1.131
"DAR";46.19;0.7139;14.82;13.288;13.11;-1.34;0.7247;0.821;0.81971;0.63129;22.99;1.41638;-72.79;3;0.25;-0.157;0.001;-0.571;0.132;-3.626
"DASH";8.648;97.1;-3.19;-3.395;-3.29;-3.09;97.2;93.9;94;92.6;1.49;138.3;-47.13;633;0.75;0.106;0.106;-0.213;0.106;-1.278
"DATA";1.204;0.07807;-5.85;-6.393;-6.39;-0.05;0.07852;0.0735;0.0735;0.07366;-0.22;0.07436;-1.17;633;0.57;0;0;0;0;-0.354
"DCR";0.482;62.9;-0.95;-0.952;-1.11;16.6;63;62.4;62.3;62.3;0;114.2;-83.31;633;0.5;-0.16;0;-0.16;0;0.481
"DEGO";0.876;3.78;-4.76;-5.99;-6.25;4.34;3.84;3.61;3.6;3.58;0.56;10.79;-199.72;33;0.08;-0.277;0;-0.277;0;-1.662
"DENT";9.335;0.002651;-5.96;-5.391;-5.35;-0.76;0.002634;0.002492;0.002493;0.002484;0.36;0.002501;-0.32;663;0.68;0.04;0.04;-0.281;0;-1.244
"DEXE";1.371;6.6;-0.76;-0.606;-0.76;25.41;6.6;6.56;6.55;6.45;1.53;27.22;-315.57;33;0.13;-0.152;0;-0.152;0;-0.762
"DF";1.542;0.1021;-0.2;1.287;0.89;-30.85;0.101;0.1023;0.1019;0.1018;0.1;0.1026;-0.69;33;0.17;-0.391;0;-0.391;0;-0.391
"DGB";2.084;0.02207;-4.3;-5.254;-5.16;-1.79;0.02227;0.0211;0.02112;0.02109;0.14;0.02115;-0.14;633;0.55;0.095;0.095;-0.284;0.047;-1.659
"DIA";0.883;0.951;-4.84;-5.037;-5.04;0.06;0.953;0.905;0.905;0.896;0.99;0.907;-0.22;333;0.5;0;0.11;-0.221;0;0.221
"DNT";1.242;0.0818;-2.93;-2.689;-2.93;8.96;0.0818;0.0796;0.0794;0.0796;-0.25;0.0799;-0.63;633;0.38;-0.251;0;-0.251;0;-1.131
"DOCK";0.827;0.04309;-3.9;-4.89;-4.94;1.02;0.04356;0.04143;0.04141;0.0412;0.51;0.04175;-0.82;633;0.68;-0.048;0;-0.097;0;-1.11
"DODO";4.13;0.496;-5.85;-4.115;-3.91;-4.98;0.486;0.466;0.467;0.465;0.43;0.467;0;3333;0.08;0.215;0.215;-0.215;0;-1.073
"DOGE";69.999;0.1427;-3.08;-3.16;-2.88;-8.86;0.1424;0.1379;0.1383;0.135;2.39;0.1396;-0.94;633;0.72;0.29;0.363;-0.073;-0.072;-0.073
"DOT";171.208;20.12;-6.96;-7.072;-6.77;-4.27;20.08;18.66;18.72;2;89.32;19.61;-4.75;6;0.84;0.322;0.322;-0.107;0.053;-0.965
"DREP";1.922;0.7509;-5.25;-4.622;-4.68;1.25;0.7464;0.7119;0.7115;0.708;0.49;0.7207;-1.29;66;0.62;-0.056;0;-0.169;0;-1.236
"DUSK";19.39;0.5309;-11.4;-10.925;-10.47;-4.16;0.5254;0.468;0.4704;0.0106;97.75;1.1743;-149.64;6;0.94;0.513;0.534;-0.214;0.043;-0.791
"DYDX";31.264;6.188;-5.46;-4.249;-4.02;-5.39;6.095;5.836;5.85;5.809;0.7;10.73;-83.42;33;0.17;0.24;0.24;-0.171;0.017;-0.6
"EGLD";31.733;150.48;-6.16;-7.821;-7.43;-5;152.54;140.61;141.21;6;95.75;141.54;-0.23;6;0.83;0.427;0.427;-0.156;0.106;-1.33
"ELF";1.727;0.3282;6.06;5.141;5.9;14.76;0.3287;0.3456;0.3481;0.3445;1.03;0.3478;0.09;33;0.17;0.723;0.781;-0.376;-0.057;-0.116
"ENJ";15.118;1.838;-8;-7.923;-7.6;-4.08;1.83;1.685;1.691;1.664;1.6;1.861;-10.05;6;0.91;0.356;0.415;-0.059;-0.059;-1.306
"ENS";11.631;19.19;-5.52;-6.435;-5.92;-8;19.27;18.03;18.13;17.81;1.77;120;-561.89;3;0.25;0.555;0.555;-0.166;0.055;-1.941
"EOS";29.454;2.368;-3.55;-4.039;-3.91;-3.19;2.377;2.281;2.284;2.276;0.35;14.9;-552.36;3633;0.04;0.132;0.132;-0.132;0;-0.614
"EPS";2.885;0.1657;-3.14;-3.661;-3.66;-0.03;0.1666;0.1605;0.1605;0.1602;0.19;0.1603;0.12;333;0.09;0;0;-0.187;0;-0.935
"ERN";1.18;4.983;-2.55;-1.436;-1.76;22.56;4.943;4.872;4.856;4.792;1.32;19.838;-308.53;33;0.33;-0.328;0;-0.328;-0.328;-0.452
"ETC";34.135;28.11;-6.05;-4.734;-4.55;-3.89;27.67;26.36;26.41;3.0726;88.37;179.83;-580.92;633;0.8;0.19;0.19;-0.038;0;-0.835
"ETH";1249.405;2764;-2.32;-2.267;-2.08;-8.25;2757.24;2694.72;2699.99;81.79;96.97;4868;-80.3;6;0.95;0.196;0.196;-0.05;0.011;-0.437
"EUR";20.521;1.125;0.18;0.178;0.18;1.12;1.125;1.127;1.127;1.127;0;1.128;-0.09;3636;0.04;0;0.089;0;0;0.089
"FARM";2.472;107.7;-3.71;-4.858;-4.95;1.89;109.1;103.8;103.7;99.7;3.86;103.8;-0.1;33;0.14;-0.096;0;-0.096;0;-0.771
"FET";3.456;0.3199;-4.81;-5.345;-5.38;0.65;0.3218;0.3046;0.3045;0.3016;0.95;0.3079;-1.12;63;0.86;-0.033;0;-0.23;0;0.098
"FIDA";13.373;2.312;4.63;1.605;2.2;37.07;2.367;2.405;2.419;1.331;44.98;107.365;-4338.4;3;0.5;0.582;0.582;-1.04;0.041;-3.326
"FIL";58.926;20.66;-1.94;-2.037;-1.75;-14.09;20.62;20.2;20.26;20.2;0.3;120.17;-493.14;3333;0.06;0.297;0.297;-0.05;0;-0.693
"FIO";0.514;0.0981;-2.14;-3.223;-3.32;3.01;0.0993;0.0961;0.096;0.096;0;0.0968;-0.83;63;0.44;-0.104;0;-0.104;0;-0.208
"FIRO";0.402;3.713;-5.28;-4.223;-4.17;-1.26;3.67;3.515;3.517;3.51;0.2;12.296;-249.62;333;0.36;0.057;0.057;-0.085;0.028;0.228
"FIS";4.973;0.7267;0.61;0.527;1.36;158.06;0.7213;0.7251;0.7311;0.7132;2.45;0.7543;-3.17;363;0.08;0.827;0.827;0;0;-0.565
"FLM";1.822;0.2503;-4;-3.909;-4.15;6.17;0.2507;0.2409;0.2403;0.2408;-0.21;0.2422;-0.79;3633;0.06;-0.249;0;-0.291;0;-1.411
"FLOW";13.396;6.49;-6.78;-7.22;-7.07;-2.08;6.51;6.04;6.05;6.01;0.66;21.54;-256.03;333;0.13;0.166;0.331;0;0.166;-1.821
"FLUX";7.708;1.535;-2.54;-1.777;-1.51;-15.03;1.519;1.492;1.496;1.22;18.45;5;-234.22;3;0.33;0.268;0.268;-0.067;0;-1.072
"FOR";2.66;0.04606;-4.6;-5.455;-5.63;3.21;0.04656;0.04402;0.04394;0.04393;0.02;0.04457;-1.43;33;0.29;-0.182;0.023;-0.182;0;-0.545
"FORTH";34.648;5.29;28.17;29.367;30.13;2.6;5.21;6.74;6.78;6.76;0.29;10;-47.49;3333;0.09;0.593;0.742;0;0;5.193
"FRONT";1.807;0.4989;-1.36;-2.267;-2.15;-5.16;0.5029;0.4915;0.4921;0.4931;-0.2;0.4956;-0.71;33;0.2;0.122;0.122;0;0;-1.831
"FTM";189.196;2.0786;-7.65;-7.492;-7.27;-2.96;2.0702;1.9151;1.9196;1.9;1.02;1.9959;-3.97;63;0.88;0.235;0.235;-0.026;0.031;-1.06
"FTT";35.568;44.64;-3.63;-4.174;-3.97;-4.89;44.8;42.93;43.02;42.67;0.81;43.19;-0.4;63;0.81;0.21;0.21;-0.07;0.047;-0.582
"FUN";0.694;0.00984;-0.61;-0.306;-0.2;-34.64;0.0098;0.00977;0.00978;0.00979;-0.1;0.00981;-0.31;633;0.68;0.102;0.205;-0.512;0.102;-0.819
"FXS";1.859;21.119;-3.52;-4.826;-4.81;-0.33;21.405;20.372;20.376;13.348;34.49;45.9;-125.27;6;0.67;0.02;0.034;0;0;-0.618
"GALA";118.714;0.19967;-7.4;-10.123;-9.84;-2.8;0.20507;0.18431;0.1849;0.17959;2.87;0.21067;-13.94;6;0.5;0.32;0.385;-0.168;-0.065;-0.749
"GBP";7.35;1.352;0.44;0.592;0.52;-12.16;1.351;1.359;1.358;1.358;0;1.359;-0.07;3633;0.05;-0.074;0;-0.074;0;-0.074
"GHST";0.333;2.024;0.05;-0.344;-0.34;-1.16;2.032;2.025;2.025;2.008;0.84;2.04;-0.74;6;0.57;0;0;0;0;-0.593
"GLMR";9.919;5.1422;-1.98;-5.97;-6.06;1.51;5.3653;5.045;5.0402;4.93;2.19;5.2522;-4.21;3;0.5;-0.095;0.099;-0.095;-0.095;-2.381
"GNO";0.136;293.5;-2.25;-2.614;-2.61;-0.15;294.6;286.9;286.9;282.3;1.6;290;-1.08;3;0.57;0;0;0;0;-0.732
"GRT";14.103;0.4341;-6.84;-7.791;-7.61;-2.32;0.4377;0.4036;0.4044;0.4037;0.17;0.4068;-0.59;633;0.2;0.198;0.198;-0.099;0.049;-0.892
"GTC";11.521;8.184;-7.83;-7.681;-7.45;-3.01;8.15;7.524;7.543;7.466;1.02;13.275;-75.99;6;0.67;0.253;0.253;-0.292;0;-1.741
"GTO";1.205;0.03334;-3.99;-4.369;-4.22;-3.41;0.03342;0.03196;0.03201;0.03143;1.81;0.03193;0.25;66;0.69;0.156;0.156;0;0;-1.627
"GXS";5.685;1.5595;-8.87;-8.965;-9.06;1.06;1.5628;1.4227;1.4212;1.4233;-0.15;1.4993;-5.5;6;0.91;-0.105;0.063;-0.105;-0.148;0.197
"HARD";5.202;0.5518;-2.45;-3.51;-3.6;2.56;0.5584;0.5388;0.5383;0.5386;-0.06;0.5416;-0.61;3333;0.06;-0.093;0;-0.13;0;-0.408
"HBAR";7.744;0.2271;-2.07;-3.1;-2.88;-7.1;0.229;0.2219;0.2224;0.2186;1.71;0.222;0.18;63;0.83;0.225;0.225;-0.135;0.135;-0.451
"HIGH";6.26;5.63;-6.04;-7.03;-7.03;0;5.69;5.29;5.29;4.08;22.87;44;-731.76;3;0.33;0;0.189;-0.189;-0.189;0.378
"HIVE";20.07;0.9363;16.15;15.618;15.38;-1.52;0.9425;1.0897;1.0875;0.8943;17.77;1.2644;-16.27;6;0.87;-0.202;0.486;-2.065;0.527;-0.33
"HNT";10.959;27.17;-7.88;-9.786;-9.28;-5.17;27.59;24.89;25.03;0.686;97.26;59.27;-136.8;6;0.83;0.562;0.562;-0.161;0;-1.045
"HOT";8.153;0.004526;-4.88;-5.16;-5.07;-1.74;0.004535;0.004301;0.004305;0.004288;0.39;0.004312;-0.16;63;0.73;0.093;0.093;-0.14;0;-1.139
"ICP";108.576;20.29;7.49;7.773;8.67;11.54;20.07;21.63;21.81;21.63;0.83;21.96;-0.69;333;0.1;0.832;0.832;0;0.046;-3.236
"ICX";4.373;0.739;-3.52;-4.947;-4.68;-5.4;0.748;0.711;0.713;0.714;-0.14;0.716;-0.42;63;0.76;0.281;0.281;-0.141;0;-1.266
"IDEX";351.651;0.16911;64.83;78.177;79.65;1.88;0.15516;0.27646;0.27875;0.264;5.29;0.299;-7.26;33;0.17;0.828;1.28;-0.814;0.252;15.489
"ILV";3.513;617.2;-4.08;-4.81;-4.76;-1.04;621.6;591.7;592;586.1;1;1060.5;-79.14;6;0.67;0.051;0.051;-0.27;0;-0.727
"IMX";16.301;2.892;9.96;10.748;12.81;19.18;2.819;3.122;3.18;2;37.11;4.679;-47.14;3;0.5;1.858;1.858;-0.16;0.442;-1.313
"INJ";1.42;4.229;-4.16;-5.46;-5.44;-0.37;4.286;4.052;4.053;4.044;0.22;14.156;-249.27;633;0.47;0.025;0.074;-0.123;-0.049;-1.974
"IOST";7.816;0.02543;-1.14;-1.843;-1.41;-23.49;0.0255;0.02503;0.02514;0.02468;1.83;0.02519;-0.2;663;0.72;0.439;0.439;-0.12;0.159;-1.398
"IOTA";13.838;0.8411;2.34;3.017;3.07;1.76;0.8352;0.8604;0.8608;0.8316;3.39;0.8534;0.86;663;0.78;0.046;0.046;-0.279;0.035;-1.86
"IOTX";5.49;0.07631;-5.1;-5.866;-5.59;-4.71;0.07671;0.07221;0.07242;0.07176;0.91;0.0727;-0.39;6;0.89;0.291;0.291;-0.125;0.028;-1.108
"IRIS";3.921;0.0672;1.56;0.918;1.07;16.56;0.06753;0.06815;0.06825;0.06717;1.58;0.06881;-0.82;66;0.47;0.147;0.176;-0.455;0;-1.541
"JASMY";12.033;0.0445;-6.07;-5.856;-5.86;0.07;0.0444;0.0418;0.0418;0.0414;0.96;0.0424;-1.44;3;0.25;0;0;-0.478;0;-1.675
"JOE";10.895;1.512;-13.56;-16.345;-15.89;-2.78;1.554;1.3;1.307;1.298;0.69;1.305;0.15;3;0.33;0.538;0.538;-0.231;0.153;-1.462
"JST";15.63;0.04196;-1.95;-2.516;-2.35;-6.6;0.04213;0.04107;0.04114;0.04092;0.53;0.0413;-0.39;633;0.47;0.17;0.17;-0.073;0;-0.536
"JUV";0.338;6.24;-3.04;-3.36;-3.2;-4.76;6.25;6.04;6.05;6.02;0.5;10.98;-81.49;3333;0.07;0.166;0.166;0;0;-0.662
"KAVA";40.661;3.263;-2.6;-3.297;-2.99;-9.31;3.276;3.168;3.178;3.13;1.51;3.168;0.31;63;0.79;0.316;0.316;-0.221;0;-0.631
"KEEP";2.874;0.4485;-6.24;-6.621;-6.58;-0.62;0.4501;0.4203;0.4205;0.4101;2.47;0.4531;-7.75;63;0.56;0.048;0.071;-0.357;-0.024;-1.523
"KEY";1.507;0.00706;-2.86;-3.711;-3.6;-2.99;0.007114;0.00685;0.006858;0.006851;0.1;0.006852;0.09;66;0.68;0.117;0.117;-0.117;0;-1.299
"KLAY";4.914;1.186;-3.71;-3.879;-3.71;-4.36;1.186;1.14;1.142;1.134;0.7;1.164;-1.93;63;0.56;0.175;0.351;0;-0.175;-0.526
"KMD";0.211;0.4887;-4.52;-5.027;-5.03;0.06;0.4913;0.4666;0.4666;0.4662;0.09;0.4662;0.09;63;0.47;0;0;0;0;-1.414
"KNC";13.41;1.935;-2.79;-3.493;-3.39;-2.95;1.947;1.879;1.881;1.846;1.86;1.891;-0.53;66;0.52;0.106;0.16;-0.16;0.106;-1.809
"KP3R";8.297;907.77;-5.72;-5.805;-6.04;4.05;910.89;858.01;855.89;547.25;36.06;2065;-141.27;3;0.25;-0.247;0.082;-0.295;-0.255;0.717
"KSM";11.069;171.8;-5.01;-4.122;-3.89;-5.63;169.8;162.8;163.2;23.158;85.81;163.8;-0.37;63;0.5;0.246;0.246;-0.184;0.123;-2.15
"LAZIO";3.576;3.1328;0.31;-0.797;-0.67;-15.93;3.1638;3.1386;3.1426;3.122;0.66;100;-3082.08;33;0.2;0.127;0.204;-0.061;-0.076;0.223
"LINA";7.559;0.02583;-8.59;-9.57;-9.26;-3.24;0.02602;0.02353;0.02361;0.02347;0.59;0.02367;-0.25;33;0.08;0.34;0.382;-0.17;-0.042;-1.062
"LINK";77.739;17.27;-8.28;-6.235;-5.94;-4.73;16.84;15.79;15.84;15.8;0.25;15.94;-0.63;63;0.76;0.317;0.317;-0.127;0.063;-0.95
"LIT";4.955;1.444;-4.16;-3.092;-2.74;-11.38;1.423;1.379;1.384;1.368;1.16;1.385;-0.07;333;0.08;0.363;0.508;-0.073;0;-1.595
"LOKA";25.266;1.851;2.72;0.896;2.04;127.68;1.8633;1.88;1.9013;0.16;91.58;3.84;-101.97;3;0.5;1.133;1.202;-0.059;0.264;-0.223
"LPT";4.825;26.68;1.5;1.691;1.77;4.67;26.61;27.06;27.08;27;0.3;101.8;-275.92;6;0.7;0.074;0.074;-0.37;0;-1.885
"LRC";66.983;0.9289;-5.33;-8.672;-8.34;-3.83;0.9594;0.8762;0.8794;0.8725;0.78;0.8779;0.17;6;0.86;0.365;0.365;-0.114;0;-1.541
"LSK";0.884;1.595;0.44;-0.062;-0.06;-3.23;1.603;1.602;1.602;1.602;0;1.607;-0.31;633;0.64;0;0;-0.187;0;-0.125
"LTC";53.51;114.2;-4.82;-4.661;-4.4;-5.6;113.7;108.4;108.7;96.3;11.41;116;-6.72;63;0.82;0.277;0.277;-0.092;0.092;-0.369
"LTO";1.998;0.2007;-3.69;-5.064;-4.97;-1.86;0.2034;0.1931;0.1933;0.1928;0.26;0.1928;0.26;66;0.6;0.104;0.104;-0.052;0;-0.414
"LUNA";281.58;51.69;-6.77;-8.263;-8.03;-2.82;52.4;48.07;48.19;43.44;9.86;103.6;-114.98;6;0.89;0.25;0.25;-0.062;0.062;-1.227
"MANA";91.429;2.6934;-6.58;-5.197;-4.69;-9.76;2.64;2.5028;2.5163;0.03;98.81;5.9;-134.47;6;0.84;0.539;0.567;-0.088;-0.028;-1.994
"MASK";5.199;6.202;-7.9;-10.047;-9.76;-2.86;6.33;5.694;5.712;5.691;0.37;14.301;-150.37;6;0.7;0.316;0.316;-0.193;0.211;-1.545
"MATIC";95.607;1.633;-5.45;-5.868;-5.62;-4.23;1.636;1.54;1.544;1.526;1.17;1.55;-0.39;6;0.94;0.26;0.26;0;0;-0.779
"MBL";2.132;0.005667;2.29;2.273;2.13;-6.29;0.005676;0.005805;0.005797;0.005687;1.9;0.005809;-0.21;63;0.6;-0.138;0;-0.706;0.138;-0.482
"MBOX";28.038;2.725;0.33;0.814;1.11;36.36;2.704;2.726;2.734;2.306;15.65;15.734;-475.49;6;0.71;0.293;0.33;-0.147;-0.037;-0.917
"MC";3.415;2.38;-10.5;-11.203;-11.62;3.72;2.41;2.14;2.13;2.1;1.41;12.7;-496.24;3;0.33;-0.467;0;-0.467;-0.467;-1.402
"MDT";4.051;0.06235;-7.47;-5.145;-5.16;0.29;0.06083;0.0577;0.05769;0.05765;0.07;0.0577;-0.02;6;0.9;-0.017;0.035;-0.121;0.104;-1.75
"MDX";1.272;0.229;-2.62;-3.043;-3.04;-0.1;0.23;0.223;0.223;0.221;0.9;0.226;-1.35;333;0.2;0;0.448;0;0;0
"MFT";1.071;0.006127;3;3.309;2.87;-13.27;0.006135;0.006338;0.006311;0.006229;1.3;0.00627;0.65;663;0.65;-0.426;0.3;-0.742;-0.19;-0.82
"MINA";18.315;2.568;-5.53;-10.048;-9.71;-3.36;2.687;2.417;2.426;2.421;0.21;2.478;-2.14;3;0.57;0.372;0.372;-0.041;0.083;-1.117
"MIR";1.276;1.155;1.47;0.605;1.3;114.88;1.157;1.164;1.172;1.15;1.88;1.165;0.6;333;0.09;0.687;0.687;0;0.342;-0.344
"MITH";2.351;0.03597;-0.89;0.056;0.31;453.57;0.03554;0.03556;0.03565;0.03516;1.37;0.03583;-0.5;63;0.71;0.253;0.253;0;0;-0.956
"MKR";4.98;2231;-2.47;-1.986;-1.76;-11.38;2215;2171;2176;429.79;80.25;2168;0.37;633;0.55;0.23;0.23;-0.23;0;-0.875
"MLN";0.346;56;-2.32;-3.186;-3.19;0.13;56.5;54.7;54.7;54.4;0.55;131.9;-141.13;33;0.38;0;0;0;0;-0.548
"MOVR";5.145;76.7;-3.52;-2.88;-3.14;9.03;76.4;74.2;74;70;5.41;540;-629.73;3;0.25;-0.27;0;-0.404;0;-0.943
"MTL";19.682;1.539;4.74;5.167;5.43;5.09;1.529;1.608;1.612;1.573;2.42;1.706;-5.83;663;0.65;0.249;0.249;-0.124;0.124;-2.674
"NANO";3.223;2.15;3.44;5.203;5.2;-0.06;2.114;2.224;2.224;2.148;3.42;17.7;-695.86;633;0.76;0;0;0;0;0
"NBS";0.443;0.01129;-4.25;-4.956;-4.34;-12.43;0.0113;0.01074;0.01081;0.01075;0.56;0.0108;0.09;66;0.44;0.652;1.583;0;0;0.093
"NEAR";127.314;11.112;-3.16;-3.508;-3.21;-8.49;11.118;10.728;10.761;10.677;0.78;11.159;-3.7;6;0.94;0.308;0.308;-0.168;0.056;-1.641
"NEO";14.644;20.09;-0.6;-0.746;-0.65;-12.87;20.1;19.95;19.97;3.89;80.52;141;-606.06;3633;0.06;0.1;0.15;-0.201;-0.05;-1.454
"NKN";2.089;0.2194;-8.25;-8.798;-8.71;-1;0.2205;0.2011;0.2013;0.2012;0.05;0.2025;-0.6;66;0.66;0.099;0.099;0;0;-1.492
"NMR";0.939;25.01;-7.12;-8.89;-8.22;-7.54;25.31;23.06;23.23;23.02;0.9;23.51;-1.21;333;0.53;0.737;0.737;-0.13;0;0.087
"NU";1.699;0.492;-1.38;-0.797;-0.86;7.9;0.4894;0.4855;0.4852;0.4778;1.53;0.4889;-0.76;63;0.56;-0.062;0;-0.391;0.041;-1.112
"NULS";1.822;0.3992;-7.94;-7.292;-7.59;4.09;0.3977;0.3687;0.3675;0.3631;1.2;0.3731;-1.52;36;0.02;-0.325;0;-0.325;0;-1.004
"OCEAN";4.462;0.5739;-6.41;-6.819;-6.58;-3.5;0.5749;0.5357;0.5371;0.5343;0.52;0.5363;0.15;66;0.47;0.261;0.355;-0.075;-0.093;-0.952
"OG";0.542;3.375;-5.72;-6.673;-6.47;-3.04;3.402;3.175;3.182;3.16;0.69;11.2;-251.98;3333;0.07;0.22;0.22;0;0.22;-1.039
"OGN";4.104;0.3283;-3.59;-3.399;-3.09;-9.09;0.3266;0.3155;0.3165;0.3124;1.3;0.3179;-0.44;63;0.62;0.317;0.317;-0.317;0.253;-1.236
"OM";0.426;0.0985;-6.19;-6.002;-6;-0.03;0.0983;0.0924;0.0924;0.0924;0;0.0925;-0.11;333;0.08;0;0;0;0;-0.216
"OMG";20.611;4.889;-5.56;-6.385;-6.12;-4.15;4.918;4.604;4.617;0.3031;93.44;20.124;-335.87;6;0.91;0.282;0.282;0;0;-0.912
"ONE";43.259;0.1859;-4.29;-5.786;-5.21;-9.96;0.18769;0.17683;0.17792;0.17536;1.44;0.17675;0.66;63;0.88;0.616;0.616;0;0;-1.238
"ONG";2.666;0.6389;-2.38;-2.388;-2.65;10.97;0.6407;0.6254;0.6237;0.6197;0.64;0.635;-1.81;3633;0.03;-0.272;0;-0.352;0.08;-0.432
"ONT";6.693;0.4927;-1.58;-3.727;-3.35;-10.12;0.5017;0.483;0.4849;0.4817;0.66;0.4845;0.08;3633;0.02;0.393;0.414;-0.041;-0.021;-0.994
"OOKI";116.984;0.01318;44.69;45.913;45.68;-0.51;0.01309;0.0191;0.01907;0.00932;51.13;1.8;-9338.91;3;0.33;-0.157;0.942;-1.257;0.899;8.639
"ORN";1.819;4.13;-6.66;-6.736;-6.93;2.88;4.142;3.863;3.855;3.874;-0.49;13.187;-242.08;633;0.39;-0.207;0;-0.259;0;-1.113
"OXT";0.745;0.243;-4.49;-4.844;-4.72;-2.56;0.2436;0.2318;0.2321;0.2302;0.82;0.234;-0.82;63;0.44;0.129;0.129;0;0;-0.647
"PAXG";4.068;1805;0.5;0.387;0.39;0.78;1807;1814;1814;1810;0.22;1816;-0.11;336;0.32;0;0;0;0;-0.165
"PEOPLE";71.495;0.0891;-12.57;-7.701;-7.7;-0.01;0.0844;0.0779;0.0779;0.07;10.14;0.1048;-34.53;3;0.33;0;0.257;-0.128;-0.256;-6.418
"PERL";0.891;0.05017;-4.21;-7.648;-7.65;0.03;0.05204;0.04806;0.04806;0.04789;0.35;0.04953;-3.06;63;0.68;0;0;-0.062;0;0.187
"PERP";1.166;6.32;-5.85;-7.042;-6.89;-2.16;6.39;5.94;5.95;5.9;0.84;23.13;-288.74;63;0.5;0.168;0.168;0;0;-0.842
"PHA";3.568;0.2512;-1.75;-2.56;-2.8;9.37;0.2539;0.2474;0.2468;0.2457;0.45;0.2476;-0.32;33;0.44;-0.243;0;-0.243;0;0.485
"PLA";0.748;0.907;4.3;0.653;2.94;350.23;0.919;0.925;0.946;0.858;9.3;0.96;-1.48;3;0.25;2.27;2.811;0;0.853;-3.027
"PNT";1.054;0.6079;-4.1;-4.679;-4.63;-1.05;0.6113;0.5827;0.583;0.5816;0.24;0.585;-0.34;633;0.38;0.051;0.069;0;0;-0.583
"POLS";0.743;1.576;-5.01;-5.063;-5.25;3.69;1.58;1.5;1.497;0.8;46.56;5.27;-252.04;6;0.8;-0.2;0;-0.2;0;-1.267
"POLY";6.653;0.4036;2.5;5.392;4.23;-21.55;0.3969;0.4183;0.4137;0.42;-1.52;0.4445;-7.45;33;0.33;-1.1;0;-1.387;0.073;-3.562
"POND";6.686;0.04325;-1.18;-4.631;-4.38;-5.42;0.0447;0.04263;0.04274;0.04175;2.32;0.04347;-1.71;333;0.17;0.258;0.258;-0.117;0;-0.211
"PORTO";4.025;3.0705;-1.88;-3.482;-3.49;0.23;3.1217;3.013;3.0127;2.9809;1.06;3.1186;-3.52;3;0.25;-0.01;0;-0.076;0;-0.763
"POWR";2.165;0.5461;-0.77;-0.786;-0.93;18.32;0.547;0.5427;0.5419;0.364;32.83;0.9617;-77.47;3;0.25;-0.147;0.276;-0.184;-0.166;0.147
"PSG";1.236;14.19;-0.85;-1.399;-1.61;15.08;14.3;14.1;14.07;7.688;45.36;14.15;-0.57;63;0.6;-0.213;0;-0.213;0;-0.426
"PUNDIX";0.758;0.774;0.9;0.515;0.64;24.27;0.776;0.78;0.781;0.778;0.38;0.783;-0.26;333;0.09;0.128;0.256;-0.128;0;-0.128
"PYR";23.525;13.17;-8.05;-8.663;-7.98;-7.88;13.16;12.02;12.11;6.68;44.84;12.26;-1.24;3;0.25;0.749;0.749;-0.166;0.331;-2.246
"QI";18.02;0.0609;-0.82;2.381;2.72;14.24;0.0588;0.0602;0.0604;0.0427;29.3;0.3823;-532.95;3;0.25;0.332;0.332;-0.664;0;-0.997
"QNT";21.89;103.5;11.11;14.244;12.97;-8.94;101.8;116.3;115;87.6;23.83;118;-2.61;33;0.38;-1.118;0;-1.204;0;-2.064
"QTUM";33.578;6.326;-4.02;-3.076;-2.71;-11.9;6.241;6.049;6.072;6.011;1;19.3;-217.85;63;0.81;0.38;0.38;-0.017;0.082;-0.827
"QUICK";2.948;200.7;-9.02;-6.4;-6.5;1.56;195.3;182.8;182.6;181.1;0.82;184.9;-1.26;33;0.14;-0.109;0;-0.219;0;-2.298
"RAD";1.473;5.533;-4.74;-5.543;-5.76;3.91;5.593;5.283;5.271;5.234;0.7;11.689;-121.76;33;0.2;-0.227;0;-0.227;0;-0.606
"RAMP";3.077;0.1102;-3.72;-2.836;-2.93;3.31;0.1093;0.1062;0.1061;0.1059;0.19;0.1067;-0.57;333;0.08;-0.094;0;-0.094;0;-1.412
"RARE";12.383;0.556;22.3;25.279;26.39;4.39;0.538;0.674;0.68;0.649;4.56;0.67;1.47;33;0.2;0.89;0.89;-1.484;0;-2.671
"RAY";3.865;3.824;-4.81;-4.949;-4.69;-5.23;3.819;3.63;3.64;3.612;0.77;13.443;-269.31;33;0.14;0.275;0.275;-0.386;0.138;-1.047
"REEF";5.473;0.01025;-5.17;-4.888;-4.99;2.09;0.01023;0.00973;0.00972;0.00974;-0.21;0.00975;-0.31;333;0.07;-0.103;0;-0.308;0.103;-1.028
"REN";2.945;0.327;-4.53;-3.156;-3.4;7.73;0.3232;0.313;0.3122;0.3126;-0.13;0.3142;-0.64;333;0.6;-0.256;0;-0.543;0;-2.109
"REP";20.754;14.67;2.73;12.901;15.04;16.58;13.1;14.79;15.07;9.45;37.29;15.84;-5.11;6336;0.52;1.893;1.961;-0.879;0;2.569
"REQ";1.779;0.2328;-4.6;-4.801;-4.8;-0.02;0.2333;0.2221;0.2221;0.2182;1.76;0.2273;-2.34;6;0.57;0;0.045;-0.18;0;-0.72
"RGT";0.254;20.86;-2.59;-3.238;-3.24;0.06;21;20.32;20.32;18;11.42;76.95;-278.69;3;0.25;0;0;0;0;0.049
"RIF";0.753;0.1407;-4.19;-5.07;-5.07;0;0.142;0.1348;0.1348;0.1348;0;0.1348;0;333;0.07;0;0;0;0;-1.335
"RLC";2.028;1.967;-4.52;-6.62;-6.52;-1.51;2.009;1.876;1.878;1.858;1.06;1.889;-0.59;63;0.68;0.107;0.107;-0.267;0;-1.546
"RNDR";41.537;3.604;-8.05;-9.873;-10.12;2.5;3.687;3.323;3.314;3.346;-0.97;3.378;-1.93;3;0.25;-0.271;0.421;-0.271;-0.09;0.752
"ROSE";100.461;0.33002;-0.82;-0.46;-0.3;-34.78;0.32827;0.32676;0.3273;0.29749;9.11;0.35461;-8.34;6;0.94;0.165;0.165;-0.089;0.055;-4.505
"RSR";5.736;0.0187;-7.86;-6.62;-6.51;-1.66;0.01843;0.01721;0.01723;0.01716;0.41;0.01727;-0.23;633;0.47;0.116;0.116;-0.232;0;-0.93
"RUNE";11.15;4.17;-7.96;-7.055;-6.96;-1.35;4.125;3.834;3.838;3.811;0.7;17.27;-349.97;63;0.5;0.104;0.104;-0.209;0.052;-0.365
"RVN";7.118;0.06928;-5.51;-4.953;-4.65;-6.12;0.06865;0.06525;0.06546;0.06523;0.35;0.0655;-0.06;6333;0.6;0.322;0.352;-0.107;-0.031;-0.904
"SAND";175.109;3.9761;-8.69;-8.053;-7.36;-8.61;3.919;3.6034;3.6307;3.5834;1.3;3.6778;-1.3;6;0.84;0.758;0.758;-0.033;0.017;-1.102
"SANTOS";0.583;2.665;-2.85;-2.961;-2.96;-0.03;2.668;2.589;2.589;2.589;0;2.589;0;3;0.33;0;0;-0.193;0.193;-0.309
"SC";4.51;0.00995;-0.3;-0.7;-0.8;14.29;0.01;0.00993;0.00992;0.00987;0.5;0.00991;0.1;63;0.5;-0.101;0;-0.101;0;-1.208
"SCRT";2.874;5.276;-7.98;-6.367;-6.62;3.97;5.199;4.868;4.855;4.768;1.79;5.473;-12.73;3;0.5;-0.267;0;-0.411;0;-2.712
"SFP";4.275;0.8357;-4.82;-5.91;-5.42;-8.29;0.841;0.7913;0.7954;0.7917;0.47;0.8035;-1.02;363;0.08;0.518;0.518;-0.164;0.126;-0.569
"SHIB";97.002;0.00002153;-3.44;-4.346;-3.88;-10.72;0.00002163;0.00002069;0.00002079;0.00002028;2.45;0.00002116;-1.78;63;0.6;0.483;0.483;0;0;-0.773
"SKL";2.353;0.1155;-5.28;-6.735;-6.73;-0.07;0.1173;0.1094;0.1094;0.1085;0.82;0.1099;-0.46;633;0.27;0;0;-0.366;0;-1.554
"SLP";16.047;0.0098;-4.08;-5.102;-4.08;-20.03;0.0098;0.0093;0.0094;0.0093;1.06;0.0094;0;333;0.18;1.075;1.075;0;1.075;-1.075
"SNX";25.33;5.785;-6.66;-0.94;-0.44;-53.19;5.424;5.373;5.4;5.379;0.39;10.632;-96.89;6333;0.4;0.503;0.521;-0.149;0;-2.699
"SOL";515.204;109.71;-7.26;-6.649;-6.44;-3.14;108.74;101.51;101.74;1.0301;98.99;259.9;-155.46;6;0.84;0.227;0.266;-0.621;-0.039;-2.079
"SPELL";19.349;0.0069;-14.2;-12;-12.3;2.5;0.00675;0.00594;0.00592;0.00587;0.84;0.00615;-3.89;3;0.33;-0.337;0.505;-0.337;0;-0.505
"SRM";8.389;2.376;-4.97;-4.131;-3.83;-7.29;2.348;2.251;2.258;2.243;0.66;13.732;-508.15;63;0.74;0.311;0.311;-0.044;0;-0.888
"STMX";1.704;0.01491;0.13;-0.598;-0.86;43.81;0.01506;0.01497;0.01493;0.01459;2.28;0.01495;-0.13;633;0.52;-0.267;0.067;-0.868;0;-2.204
"STORJ";4.251;1.1494;-0.25;-0.087;0.01;-111.49;1.1464;1.1454;1.1465;1.1044;3.67;1.1629;-1.43;66;0.45;0.096;0.236;-0.506;-0.139;-1.493
"STPT";2.509;0.07544;2.2;0.657;1.33;102.44;0.07609;0.07659;0.0771;0.07375;4.35;0.092;-19.33;63;0.83;0.666;0.927;-0.209;0;4.857
"STRAX";13.197;1.015;1.08;1.59;1.99;25.16;1.006;1.022;1.026;1.01;1.56;1.105;-7.7;633;0.44;0.391;0.391;-0.294;0;1.272
"STX";3.035;1.483;-4.79;-5.04;-5.11;1.39;1.488;1.413;1.412;0.043;96.95;3.256;-130.59;6;0.93;-0.071;0;-0.283;0;-0.778
"SUN";16.423;0.01532;-4.5;-3.818;-3.69;-3.35;0.01519;0.01461;0.01463;0.0146;0.21;0.01468;-0.34;333;0.44;0.137;0.137;-0.068;0;-0.068
"SUPER";4.956;0.6826;-6.01;-8.478;-8.58;1.2;0.7018;0.6423;0.6416;0.6324;1.43;0.6421;-0.08;36;0.08;-0.109;0;-0.529;0;0.358
"SUSD";0.027;1.002;-0.4;-0.399;-0.4;0.25;1.002;0.998;0.998;0.998;0;1.001;-0.3;6;0.93;0;0;0;0;0
"SUSHI";24.853;4.326;-4.62;-4.507;-4.14;-8.14;4.304;4.11;4.126;4.094;0.78;10.684;-158.94;633;0.39;0.389;0.389;0;0.17;-0.949
"SXP";15.119;1.375;-2.76;-2.564;-2.05;-20.05;1.365;1.33;1.337;1.322;1.12;1.327;0.75;633;0.55;0.526;0.526;0;0.3;-0.075
"SYS";8.266;0.7558;-6.06;-5.584;-5.38;-3.65;0.7504;0.7085;0.71;0.7025;1.06;0.7118;-0.25;6;0.83;0.212;0.212;-0.127;0.042;-0.579
"TCT";1.465;0.0208;-5.29;-5.162;-4.97;-3.72;0.02073;0.01966;0.0197;0.01937;1.68;0.02036;-3.35;63;0.65;0.203;0.203;-0.254;0;0
"TFUEL";4.206;0.1735;-5.3;-4.902;-5.25;7.1;0.1734;0.1649;0.1643;0.1627;0.97;0.1717;-4.5;633;0.76;-0.364;0;-0.364;0;-1.152
"THETA";28.498;2.89;-4.33;-4.607;-4.23;-8.18;2.887;2.754;2.765;2.748;0.61;10.477;-278.92;633;0.71;0.399;0.399;0;0;-1.017
"TKO";1.272;0.756;-4.37;-3.6;-3.6;0;0.75;0.723;0.723;0.722;0.14;0.723;0;333;0.09;0;0;-0.138;0;-0.553
"TLM";14.113;0.1134;-5.82;-5.674;-5.32;-6.24;0.1128;0.1064;0.1068;0.1059;0.84;0.1065;0.28;36;0.09;0.376;0.376;-0.094;0;-1.316
"TOMO";1.071;1.131;-2.74;-3.012;-2.57;-14.67;1.129;1.095;1.1;1.085;1.36;1.141;-3.73;63;0.84;0.457;0.548;0;-0.091;-0.913
"TORN";1.03;22.23;4.95;5.137;5.14;0.06;22.19;23.33;23.33;22.15;5.06;23.4;-0.3;33;0.44;0;0.471;0;-0.171;-1.5
"TRB";1.057;20.64;-2.37;-2.033;-2.47;21.5;20.66;20.24;20.15;19.97;0.89;164.05;-714.14;63;0.53;-0.445;0;-0.445;0;-2.915
"TRIBE";0.727;0.6877;-0.76;-2.208;-0.84;-61.96;0.6883;0.6731;0.6825;0.5742;15.87;1.5209;-122.84;6;0.57;1.397;1.397;0;0.53;0.906
"TROY";1.179;0.006712;-5.23;-3.787;-3.65;-3.62;0.006602;0.006352;0.006361;0.00635;0.17;0.006412;-0.8;63;0.81;0.142;0.142;-0.079;0;-0.677
"TRU";0.68;0.1953;-5.22;-4.644;-4.49;-3.32;0.1938;0.1848;0.1851;0.1826;1.35;0.1857;-0.32;63;0.57;0.162;0.162;-0.108;0;-0.541
"TRX";84.188;0.06026;-2.16;-1.572;-1.42;-9.67;0.05981;0.05887;0.05896;0.05836;1.02;0.05896;0;66;0.78;0.153;0.153;-0.051;0.017;-0.306
"TUSD";26.654;0.9997;0.01;0.01;0.01;0;0.9997;0.9998;0.9998;0.9997;0.01;0.9998;0;636;0.8;0;0;-0.01;0.01;-0.01
"TVK";1.983;0.1298;-6.32;-6.327;-6.17;-2.48;0.1296;0.1214;0.1216;0.121;0.49;0.1224;-0.66;33;0.14;0.165;0.165;-0.329;0.082;0
"TWT";3.295;0.5499;-1.44;-2.748;-2.64;-3.93;0.5567;0.5414;0.542;0.5368;0.96;0.5466;-0.85;63;0.64;0.111;0.111;-0.018;0;-0.573
"UMA";1.366;5.871;-6.18;-8.072;-8.14;0.84;5.996;5.512;5.508;5.512;-0.07;12.806;-132.5;333;0.33;-0.073;0;-0.163;0;-0.78
"UNFI";5.424;5.393;-7.36;-7.632;-7.45;-2.38;5.398;4.986;4.996;4.959;0.74;13.574;-171.7;633;0.31;0.201;0.201;-0.14;0.1;-1.584
"UNI";18.01;11.11;-4.86;-4.874;-4.6;-5.62;11.08;10.54;10.57;9.53;9.84;10.59;-0.19;633;0.5;0.285;0.38;0;-0.095;-1.044
"USDC";95.862;0.9997;-0.02;0.01;0;-100;0.9995;0.9996;0.9995;0.9995;0;0.9996;-0.01;3333;0.08;-0.01;0;-0.01;-0.01;0
"USDP";0.51;0.9996;-0.02;-0.01;-0.01;0;0.9995;0.9994;0.9994;0.9994;0;0.9995;-0.01;33;0.17;0;0;0;0;0
"UST";31.858;1;-0.04;0.01;0.01;0;0.9995;0.9996;0.9996;0.9991;0.05;1.0008;-0.12;3;0.33;0;0;-0.01;0;0.05
"UTK";1.31;0.2323;-2.84;-3.597;-3.34;-7.14;0.2335;0.2251;0.2257;0.2255;0.09;0.2255;0.09;633;0.47;0.267;0.311;0;0.044;-0.4
"VET";36.469;0.05438;-4.06;-4.429;-4.12;-6.98;0.05441;0.052;0.05217;0.05167;0.96;0.05241;-0.46;63;0.77;0.327;0.327;-0.038;0.038;-0.654
"VGX";2.74;1.917;-6.78;-7.069;-7.12;0.72;1.924;1.788;1.787;1.756;1.73;1.786;0.06;3;0.25;-0.056;0;-0.112;0;-1.902
"VIDT";7.825;0.5038;4.88;5.657;5.62;-0.65;0.5003;0.5286;0.5284;0.5117;3.16;0.5332;-0.91;33;0.33;-0.038;0;-0.303;0;3.065
"VITE";0.388;0.05185;-3.51;-4.014;-3.92;-2.34;0.05207;0.04998;0.05003;0.04978;0.5;0.04989;0.28;663;0.63;0.1;0.1;-0.08;0;-0.8
"VOXEL";74.992;1.6339;13.51;11.434;14.81;29.53;1.6154;1.8001;1.8547;0.2;89.22;6.95;-274.72;3;0.33;3.033;3.033;0;0.254;-1.783
"VTHO";1.524;0.003428;-2.98;-3.482;-3.48;-0.06;0.003446;0.003326;0.003326;0.003325;0.03;0.003336;-0.3;633;0.5;0;0.21;-0.03;-0.21;-0.601
"WAN";0.512;0.4141;-1.21;-1.777;-1.78;0.17;0.4165;0.4091;0.4091;0.4063;0.68;0.409;0.02;633;0.68;0;0.073;-0.196;0.098;-0.44
"WAVES";21.496;8.95;-2.91;-3.468;-2.8;-19.26;8.94;8.63;8.69;8.59;1.15;23.38;-169.04;633;0.76;0.695;0.695;0;0;0.116
"WAXP";8.485;0.3247;1.45;0.308;1.45;370.78;0.3247;0.3257;0.3294;0.1852;43.78;0.9835;-198.57;6;0.57;1.136;1.504;-0.307;-0.363;-1.535
"WIN";21.978;0.0003062;-3.17;-2.981;-2.88;-3.39;0.0003053;0.0002962;0.0002965;0.0002944;0.71;0.0002973;-0.27;63;0.68;0.101;0.135;-0.101;0.034;-0.641
"WING";1.105;9.02;-1.55;-2.31;-2.31;0;9.09;8.88;8.88;8.86;0.23;10.05;-13.18;3333;0.06;0;0;0;0;-0.45
"WNXM";0.496;36;-5.56;-5.503;-5.5;-0.05;35.98;34;34;33.83;0.5;134.2;-294.71;63;0.53;0;0;0;0;-0.618
"WRX";11.902;1.012;-7.41;-4.97;-4.97;0;0.986;0.937;0.937;0.933;0.43;0.944;-0.75;63;0.6;0;0;-0.32;0.107;-2.775
"WTC";0.759;0.5365;-5.29;-5.668;-5.58;-1.55;0.5381;0.5076;0.5081;0.5045;0.71;0.5096;-0.3;66;0.57;0.099;0.118;-0.276;-0.02;-0.985
"XEC";9.126;0.00007923;-3.7;-2.162;-1.83;-15.36;0.00007772;0.00007604;0.0000763;0.00007505;1.64;0.00007747;-1.53;33;0.17;0.342;0.368;-0.092;-0.026;-0.473
"XEM";1.713;0.1032;-1.16;-1.353;-1.45;7.17;0.1035;0.1021;0.102;0.1013;0.69;0.1047;-2.65;363;0.31;-0.098;0;-0.098;0;-0.686
"XLM";12.882;0.2019;-4.46;-5.079;-4.88;-3.92;0.2028;0.1925;0.1929;0.1916;0.67;0.1936;-0.36;63;0.8;0.208;0.208;-0.104;0;-0.26
"XMR";12.432;146.1;-0.82;-0.617;-0.62;0.49;145.8;144.9;144.9;25.08;82.69;145.1;-0.14;633;0.75;0;0.069;-0.138;-0.069;-0.483
"XNO";0.652;2.141;-1.59;-0.752;-0.99;31.65;2.128;2.112;2.107;2.074;1.57;2.2;-4.41;3;0.5;-0.237;0;-0.237;0;-0.994
"XRP";116.879;0.6264;-3.7;-3.726;-3.55;-4.72;0.6254;0.6021;0.6032;0.6011;0.35;0.6029;0.05;663;0.78;0.183;0.183;-0.066;0;-0.133
"XTZ";41.096;3.707;-0.05;-3.451;-2.4;-30.45;3.796;3.665;3.705;3.648;1.54;3.873;-4.53;63;0.87;1.091;1.091;-0.027;0.081;0.191
"XVG";1.039;0.01015;-3.74;-3.075;-3.08;0.16;0.01008;0.00977;0.00977;0.0097;0.72;0.00982;-0.51;33;0.11;0;0;0;0;-1.024
"XVS";1.671;8.02;-2.99;-3.722;-3.47;-6.77;8.06;7.76;7.78;7.7;1.03;13.61;-74.94;633;0.47;0.258;0.258;0;0.129;-0.515
"YFI";11.244;25099.07;-8.31;-9.858;-9.64;-2.21;25468.49;22957.73;23012.43;3000;86.96;23148.42;-0.59;636;0.53;0.238;0.238;-0.188;0.054;-0.794
"YFII";2.04;2348;-2.77;-2.599;-2.73;5.04;2347;2286;2283;970;57.51;2390;-4.69;363;0.06;-0.131;0;-0.35;0.132;-2.056
"YGG";15.065;3.389;-4.43;-2.702;-2.76;2.15;3.331;3.241;3.239;3.235;0.12;11.5;-255.05;3;0.5;-0.062;0.031;-0.216;-0.093;-0.648
"ZEC";21.781;100;1.8;1.906;2.11;10.7;99.7;101.6;101.8;97.5;4.22;102.1;-0.29;63;0.75;0.197;0.197;-0.197;0;-0.787
"ZEN";4.391;38.89;-1.03;-1.36;-1.26;-7.35;38.98;38.45;38.49;5.062;86.85;124.22;-222.73;63;0.55;0.104;0.104;-0.364;0;-2.315
"ZIL";6.789;0.04575;-2.86;-3.036;-2.95;-2.83;0.04579;0.0444;0.04444;0.04426;0.41;0.04431;0.29;633;0.76;0.09;0.113;-0.113;-0.022;-1.959
"ZRX";3.295;0.5762;1.56;1.399;1.11;-20.66;0.5788;0.5869;0.5852;0.5837;0.26;0.5855;-0.05;633;0.73;-0.29;0;-0.579;0.137;-2.215